"date";"name";"inn";"address";"phone";"email"
"08.02.2021";"Общество с ограниченной ответственностью 'Клиника профессора Пасман'";"5406325640";"630112, Россия, Новосибирская область, г. Новосибирск, проспект Дзержинского, дом 1/1, офис 12";"8983-318-00-80, 8(383) 303-03-03";"legal@pasman-clinic.ru"
"08.02.2021";"Акционерное общество 'Клиника К+31'";"7729674716";"119415, Россия, г. Москва, ул. Лобачевского, д. 42, стр. 4";"8-800-777-31-31, 8-499-143-99-00, 8-495 104 41 43";"clinic@k31.ru,  s.mikhaylina@k31.ru"
"02.02.2021";"Общество с ограниченной ответственностью 'ИНВИТРО СПб'";"7810047507";"196105, Россия, г. Санкт-Петербург, ул. Благодатная, д. 18, лит. А";"8(812)429-49-73";"npeshkova@invitro.ru, infospb@invitro.ru"
"23.12.2020";"Федеральное государственное бюджетное учреждение 'Федеральный центр мозга и нейротехнологий' Федерального медико-биологического агентства";"7728434750";"117997, Россия, г. Москва, ул. Островитянова, д. 1, стр. 10";"(800)505-09-76, +7(926)546-01-46";"info@fccps.ru"
"11.12.2020";"Областное бюджетное учреждение здравоохранения 'Шуйская центральная районная больница'";"3706003545";"155900, Россия, Ивановская область, Шуйский район, д. Шуя, ул. 1-я Металлистов, д. 1-А";"38485, факс 38472";"crb_shuya@mail.ru"
"11.11.2020";"Общество с ограниченной ответственностью 'Экзактэ Лабс'";"5047127058";"117246, Россия, г. Москва, Научный проезд, дом 20, стр. 2";"8-499-963-90-01";"Ekaterina.pogodina@exactelabs.com"
"11.11.2020";"бюджетное учреждение здравоохранения Омской области 'Клинический медико-хирургический центр Министерства здравоохранения Омской области'";"5503102512";"644007, Россия, Омская область, г. Омск, ул. Булатова, 105";"((3812)) 25-75-62, 25-55-55";"info@clinica-omsk.ru"
"05.10.2020";"Общество с ограниченной ответственностью 'Лаборатория Гемотест'";"7709383571";"107045, Россия, г. Москва, Рождественский бульвар, д. 21, стр. 2";"(8495) 5321313, 926-919-35-94";"client@gemotest.ru"
"18.09.2020";"Государственное областное бюджетное учреждение здравоохранения 'Мурманская областная клиническая больница имени П.А. Баяндина'";"5190800114";"183047, Россия, Мурманская область, г. Мурманск, ул. Академика Павлова, д. 6";"(8152) 285-001, факс (8152) 285-096";"info@mokb51.ru"
"10.07.2020";"Общество с ограниченной ответственностью 'ИНВИТРО-Сибирь'";"5402525254";"630049, Новосибирская область, г. Новосибирск, Красный проспект, д. 218/2";"8-913-203-91-35";"oradionova@invitro.ru"
"10.07.2020";"Государственное бюджетное учреждение города Москвы 'Станция скорой и неотложной медицинской помощи им. А.С. Пучкова' Департамента здравоохранения города Москвы";"7702132064";"129090, Россия, г. Москва, Коптельский 1-й пер., д. 3, стр. 1";"(495) 632-96-70, 620-40-60, факс 632-96-79";"info@mos03.ru"
"29.06.2020";"Общество с ограниченной ответственностью 'Гранд Медика'";"4217162879";"654007, Россия, Кемеровская область, г. Новокузнецк, пр-кт Кузнецкстроевский, д. 11";"(3843) 993-932";"a.andryushina@gm.clinic"
"22.06.2020";"Государственное бюджетное учреждение здравоохранения Республиканский клинический противотуберкулезный диспансер";"0274036104";"450080, Россия, Республика Башкортостан, г. Уфа, ул. Сагита Агиша, д. 4";"(347) 2284514, 2283811, 89170457439";"UFA.RKPTD@doctorrb.ru"
"02.06.2020";"Государственное бюджетное учреждение здравоохранения города Москвы 'Городская клиническая больница №40 Департамента здравоохранения города Москвы'";"7716099554";"129301, Россия, г. Москва, Касаткина ул, д. 7";"(495) 686-80-50, факс (495) 686-31-28";"gkb40@zdrav.mos.ru"
"30.04.2020";"Государственное бюджетное учреждение здравоохранения города Москвы 'Городская клиническая больница № 52 Департамента здравоохранения города Москвы'";"7734115329";"123182, Россия, г. Москва, Пехотная ул, д. 3";"8 (499) 196-39-36, 8 (499) 196-21-14";"gkb52@zdrav.mos.ru"
"26.03.2020";"Федеральное государственное бюджетное учреждение 'Национальный исследовательский центр эпидемиологии и микробиологии имени почетного академика Н.Ф. Гамалеи' Министерства Здравоохранения Российской Федерации";"7734013214";"123098, Россия, Москва, ул. Гамалеи, д. 18";"(499)193-30-01";"info@gamaleya.org"
"18.03.2020";"Общество с ограниченной ответственностью 'Клиника новых медицинских технологий архимед'";"5003055720";"119261, г. Москва, ул. Вавилова, д.68, корп.2";"(499)288-07-26";"n.molodykh@arhimedlab.com"
"17.02.2020";"Общество с ограниченной ответственностью «Тентанда Виа»";"7805729279";"198035, Россия, г. Санкт-Петербург, улица Межевой канал, дом 4, литера А, помещение 12";"+7(981)1600171";"info@tentandavia.com"
"31.12.2019";"Федеральное государственное бюджетное научное учреждение 'Федеральный научно-клинический центр реаниматологии и реабилитологии'";"7709938054";"107031, Россия, г. Москва, ул. Петровка, дом 25, строение 2";"+79036753798";"ishchelkunova@fnkcrr.ru"
"25.11.2019";"Общество с ограниченной ответственностью 'Реабилитационный центр 'Лесной'";"5445265628";"630123, Россия, Новосибирская область, г. Новосибирск, Лесное шоссе, дом 1, кабинет 56";"8(383) 240-98-68, 8913-065-07-60";"Zhdanes@mail.ru"
"07.10.2019";"государственное автономное учреждение Ростовской области 'Областной консультативно-диагностический центр'";"6163024930";"344010, Россия, Ростовская область, г. Ростов-на-Дону, Пушкинская ул, д. 127";"(863)255-79-20, (928)908-01-03";"omoldc@omldc-rnd.ru"
"23.08.2019";"Общество с ограниченной ответственностью 'ЯСНЫЙ ВЗОР'";"5013042889";"107031, Россия, г. Москва, улица Неглинная, дом 18/1, строение 1А, эт. 4 пом. 1 ком. 1";"8-915-182-87-04";"gorelysheva@prozrenie.ru"
"08.08.2019";"Федеральное бюджетное учреждение здравоохранения 'приволжский окружной медицинский центр Федерального медико-биологического агентства России";"5260101352";"603001, Россия, Нижегородская область, Н. Новгород, Нижневолжская набережная, д.2";"(831)4218282, (831)4218282";"pomc@bk.ru"
"06.08.2019";"государственное бюджетное учреждение здравоохранения Московской области 'Красногорская городская больница № 1'";"5024059531";"143408, Московская область, Красногорский район, Красногорск, ул. Карбышева, д. 4";"(926)457 78 78, (495)563 82 00";"vvroyuk@mail.ru"
"31.07.2019";"Федеральное государственное автономное учреждение 'Национальный медицинский исследовательский центр 'Межотраслевой научно-технический комплекс 'Микрохирургия глаза' имени академика С. Н. Федорова' Министерства здравоохранения Российской Федерации";"7713059497";"127486, Россия, Москва, Бескудниковский б-р, д. 59А";"(812)771 3420";"office@mntk.spb.ru"
"21.06.2019";"Акционерное общество 'Центр эндохирургии и литотрипсии'";"7720025548";"111123, Россия, г. Москва, ул. Шоссе Энтузиастов, д. 62, стр. 1";"(495)305 12 12";"secretary@celt.ru"
"22.04.2019";"Общество с ограниченной ответственностью 'Центр Генетики и Репродуктивной Медицины 'ГЕНЕТИКО'";"7736650850";"143026, Россия, г. Москва, территория Сколково инновационного центра, Бульвар Большой, дом 42, строение 1, этаж 1, пом. 334 раб. мес. 52";"(495) 646-80-76";"info@genetico.ru"
"11.03.2019";"Общество с ограниченной ответственностью 'Электронтест'";"7734557944";"127572, Россия, г. Москва, ул. Абрамцевская, д. 14А";"(495) 455-11-16, 457-63-59, 955-90-56";"electron-test@yandex.ru"
"11.03.2019";"Государственное бюджетное учреждение здравоохранения 'Самарский областной медицинский центр Династия'";"6311083770";"443095, Россия, Самарская область, г. Самара, Ташкентская ул, д. 159";"+7(846)956-44-55";"info@cordbank.ru"
"12.02.2019";"Федеральное бюджетное учреждение науки 'Центральный научно-исследовательский институт эпидемиологии' Федеральной службы по надзору в сфере защиты прав потребителей и благополучия человека";"7720024671";"111123, Россия, г. Москва, ул. Новогиреевская, д. 3А";"+7(495)974-96-46, +7(495)672-10-69";"crie@pcr.ru"
"04.02.2019";"Областное государственное автономное учреждение здравоохранения 'МЕДСАНЧАСТЬ ИАПО'";"3810020427";"664002, Россия, Иркутская область, г. Иркутск, ул. Жукова, д. 9";"+7(3952)329707,  +7(3952)328395";"msh@msh38.ru"
"18.01.2019";"Федеральное бюджетное учреждение здравоохранения 'Лечебно-реабилитационный центр Министерства экономического развития Российской Федерации'";"7751524258";"142160, Россия, г. Москва, поселение Вороновское, село Вороново";"(495) 996-24-20";"fguvoronovo@mail.ru"
"29.12.2018";"Государственное бюджетное учреждение здравоохранения Республики Мордовия 'Мордовская республиканская центральная клиническая больница'";"1327033084";"430013, Россия, Республика Мордовия, г. Саранск, улица Победы, д.14/5, корпус 1";"(8342)76-01-33";"mrckb@moris.ru"
"16.11.2018";"Общество с ограниченной ответственностью 'Институт генной и тканевой инженерии'";"0275080530";"450076, Россия, Республика Башкортостан, г. Уфа, улица Гоголя, дом 56, квартира 26";"(903)310-30-70";"ruslanzubairoff@gmail.com"
"19.10.2018";"федеральное государственное бюджетное учреждение 'Национальный медицинский исследовательский центр фтизиопульмонологии и инфекционных заболеваний' Министерства здравоохранения Российской Федерации";"6663025890";"127473, Россия, г.Москва, ул. Достоевского, д. 4, корп. 2";"(495)681-84-22";"tbcripp@mail.ru"
"11.10.2018";"Государственное бюджетное учреждение здравоохранения города  Москвы 'Городская клиническая больница имени И.В. Давыдовского Департамента здравоохранения города Москвы'";"7709129423";"109240, Россия, г. Москва, улица Яузская, дом 11";"915-36-48, 916-657-90-58, факс 915-30-42";"gkb23@zdrav.mos.ru"
"08.08.2018";"Общество с ограниченной ответственностью 'Научно-исследовательский центр Эко-безопасность'";"7810470906";"196143, г. Санкт-Петербург, ";"(812)500-52-03";"nic@ecosafety.ru"
"08.08.2018";"Федеральное государственное бюджетное учреждение 'Всероссийский научно-исследовательский и испытательный институт медицинской техники' Федеральной службы по надзору в сфере здравоохранения";"7716182210";"115478, Россия, г. Москва, Каширское ш, д. 24, Стр.16";"(495)645-38-32";"info@vniiimt.org"
"08.08.2018";"федеральное государственное бюджетное учреждение 'Национальный медицинский исследовательский центр психиатрии и неврологии имени В.М. Бехтерева' Министерства здравоохранения Российской Федерации";"7811017424";"192019, Россия, г. Санкт-Петербург, ул. Бехтерева, д. 3";"(812)670 02 20, (812)412 71 27";"spbinstb@bekhterev.ru"
"09.07.2018";"Федеральное государственное бюджетное образовательное учреждение высшего образования 'Приволжский исследовательский медицинский университет' министерства здравоохранения российской федерации";"5260037940";"603005, Россия, Нижегородская область, г. Нижний Новгород, пл. Минина, д.10/1";"(831)439 09 43";"rector@pimunn.ru"
"09.07.2018";"Федеральное государственное автономное образовательное учреждение высшего образования 'Дальневосточный федеральный университет'";"2536014538";"690950, Приморский край, г. Владивосток, ул. Суханова д. 8";"(914)792 20 39";"degtyareva.og@dvfu.ru"
"09.07.2018";"Государственное бюджетное учреждение здравоохранения московской области 'Московский областной научно-исследовательский институт акушерства и гинекологии'";"7709041289";"101000, г. Москва, ул. Покровка, д. 22а";"(495) 623-37-37";"guzmoniiag@gmail.com"
"05.07.2018";"федеральное государственное бюджетное образовательное учреждение высшего образования 'Санкт-Петербургский государственный университет'";"7801002274";"199034, Россия, г. Санкт-Петербург, Университетская наб, д. 7/9";"(812) 676 25 07";"info@gosmed.ru"
"14.06.2018";"Общество с ограниченной ответственностью 'Центр персонализированной медицины'";"5408308707";"630090, Россия, Новосибирская область, г. Новосибирск, улица Пирогова, дом 25/4";"(383) 363 01 89 доп. 162";"info@cnmt.ru"
"23.05.2018";"Государственное бюджетное учреждение здравоохранения Республиканский медико-генетический центр";"0275913012";"450076, Россия, Республика Башкортостан, г. Уфа, ул. Гафури, д. 74";"+7(347) 250 91 36";"ufa.rmgc@doctorrb.ru"
"03.05.2018";"Государственное бюджетное учреждение здравоохранения города Москвы 'Научно-практический клинический центр диагностики и телемедицинских технологий Департамента здравоохранения города Москвы'";"7709064286";"125124, Россия, г. Москва, ул. Расковой, д. 16/26, стр. 1";"(495) 678-54-95, 671-56-54, 8 (985) 435-70-76";"npcmr@zdrav.mos.ru"
"03.05.2018";"Общество с ограниченной ответственностью Клиника 'Наука'";"6316167230";"443068, Россия, Самарская область, Октябрьский район, Самара, ул. Ново-Садовая, д. 106, помещение 57";"8 846 277-77-03";"info@naykalab.ru"
"18.04.2018";"Общество с ограниченной ответственностью 'Вералаб'";"7710491170";"123056, г. Москва, пер. Электрический, д. 12, пом. II, комн. 6";"(495)6080753";"info@vera-lab.ru"
"07.02.2018";"Федеральное государственное бюджетное образовательное учреждение высшего образования «Тюменский государственный медицинский университет» Министерства здравоохранения Российской Федерации";"7203001010";"625023, Россия, Тюменская область, г. Тюмень, Одесская ул, д. 54";"(3452) 20-62-00, 20-21-97";"sverdlenkoaa@tyumsmu.ru"
"22.01.2018";"Общество с ограниченной ответственностью 'Национальное агентство клинической фармакологии и фармации'";"7723628921";"115088, г. Москва, ул. Угрешская, д. 2, стр. 8";"8-495-933-9595, 8-905-537-7036";"inform@nacph.ru"
"22.01.2018";"Федеральное бюджетное учреждение науки 'Научно-исследовательский институт дезинфектологии' Федеральной службы по надзору в сфере защиты прав потребителей и благополучия человека";"7728021048";"117246, Россия, г. Москва, Научный проезд, д. 18 18А";"(495)332 01 01";"info@niid.ru"
"22.01.2018";"Федеральное государственное автономное учреждение 'Лечебно-реабилитационный центр' Министерства здравоохранения Российской Федерации";"7733574898";"125367, г. Москва, Иваньковское шоссе, д. 3";"(499) 193-40-80, факс (495) 490-15-21";"GBarmotin@med-rf.ru"
"28.11.2017";"Государственное бюджетное учреждение здравоохранения города Москвы 'Городская клиническая больница № 17 Департамента здравоохранения города Москвы'";"7732044545";"119620, Россия, г. Москва, ул. Волынская, д.7";"(495, 499) 439-25-77, 727-70-45, факс (495) 439-14-88";"gkb17@zdrav.mos.ru"
"23.11.2017";"Общество с ограниченной ответственностью 'Научно-методический центр клинической лабораторной диагностики Ситилаб'";"7714822471";"123308, г. Москва, Хорошевское ш.,  д. 43 Г, стр. 1, комн. 1";"8(495)788 95 95";"georgiy.tomaev@citilab.ru"
"19.10.2017";"Государственное бюджетное учреждение здравоохранения города Москвы 'Диагностический центр (Центр лабораторных исследований) Департамента здравоохранения города Москвы'";"7724015205";"115580, Россия, г. Москва, Ореховый б-р, д. 49, корп. 1";"(495) 396-7370";"dcli@zdrav.mos.ru"
"19.10.2017";"Государственное бюджетное учреждение здравоохранения города Москвы 'Инфекционная клиническая больница № 2 Департамента здравоохранения города Москвы'";"7719138723";"105275, Россия, г. Москва, ул. 8-я Соколиной горы, д. 15";"(495)3651411";"aids.lab@mail.ru"
"19.10.2017";"Федеральное государственное бюджетное образовательное учреждение высшего образования 'Ивановская государственная медицинская академия' Министерства здравоохранения Российской Федерации";"3728012776";"153012, Россия, Ивановская область, г. Иваново, проспект Шереметевский, д. 8";"(4932)553500, ф. (4932)327742";"klinikaivgma@mail.ru"
"03.10.2017";"Федеральное государственное бюджетное учреждение 'Федеральный центр сердечно-сосудистой хирургии' Министерства здравоохранения  Российской Федерации (г. Астрахань)";"3015081689";"414011, Россия, Астраханская область, г. Астрахань, ул. Покровская роща, д. 4";"(8512) 31 11 70, факс 47-85-18";"fcssh@astra-cardio.ru"
"19.09.2017";"Негосударственное учреждение здравоохранения 'Центральная клиническая больница № 2 имени Н.А. Семашко' открытого акционерного общества 'Российские железные дороги'";"7716511464";"129128, Россия, г. Москва, ул. Будайская, д. 2";"(8-499) 181-24-52";"ckb2semashko@mail.ru"
"22.08.2017";"Федеральное государственное бюджетное учреждение 'Научно-практический центр интервенционной кардиоангиологии' Министерства здравоохранения Российской Федерации";"7701136860";"101000, Россия, г. Москва, Сверчков переулок, д. 5";"(495) 624-96-36";"npcik@zdrav.mos.ru"
"04.08.2017";"Общество с ограниченной ответственностью 'Научно-производственная Фирма 'ХЕЛИКС'";"7802122535";"194044, Россия, г. Санкт-Петербург, Б. Сампсониевский пр., д.20, литер А";"(812)6076607";"guseva@spb.helix.ru"
"06.07.2017";"Автономная некоммерческая медицинская организация ' Ставропольский краевой клинический консультативно-диагностический центр'";"2634049360";"355017, Россия, Ставропольский край, г. Ставрополь, ул. Ленина, д. 304";"(8-865-2) 35-84-79,  факс (8-865-2) 25-61-49";"skkdc@skkdc.ru"
"06.07.2017";"Федеральное государственное бюджетное учреждение 'Федеральный Сибирский научно-клинический центр Федерального медико-биологического агентства'";"2462003962";"660037, Россия, Красноярский край, г. Красноярск, ул. Коломенская, д. 26";"(3912) 62-40-28";"skc@fmbamail.ru"
"27.06.2017";"Автономная некоммерческая организация 'Научно-исследовательский институт микрохирургии'";"7017046623";"634041, Россия, Томская область, г. Томск, Белинского ул, д. 31/2, кв. 5";"(83822) 645-753";"niimicro@yandex.ru"
"29.05.2017";"государственное бюджетное учреждение здравоохранения 'Клинический кожно-венерологический диспансер' министерства здравоохранения Краснодарского края";"2308071696";"350020, Россия, Краснодарский край, г. Краснодар, ул. Рашпилевская, д. 179";"(861)255-59-48";"kkvd@miackuban.ru"
"04.05.2017";"Государственное бюджетное учреждение здравоохранения Калужской области 'Калужская областная клиническая больница'";"4027022873";"248007, Россия, Калужская область, г. Калуга, ул.Вишневского, д.1";"(4842) 72-58-98, факс (4842) 72-59-15";"office@kokb40.ru"
"27.04.2017";"Общество с ограниченной ответственностью 'Канон'";"7447158103";"454021, Россия, Челябинская область, г. Челябинск, ул. Игнатия Вандышева, д. 6-а, нежилое помещение № 4 (Медицинский центр)";"(351)2175262";"Kanonddr@gmail.com"
"09.03.2017";"Государственное бюджетное учреждение здравоохранения Свердловской области «Научно-практический центр специализированных видов медицинской помощи «Уральский институт кардиологии»";"6661008786";"620144, Россия, Свердловская область, Екатеринбург, ул. 8 Марта, 78а";"(343)257 52 16, (343)257 52 09, (343)257 70 79";"Freidlin@cardio-burg.ru"
"01.03.2017";"бюджетное учреждение здравоохранения Омской области 'Клиническая офтальмологическая больница имени В.П. Выходцева'";"5504005261";"644024, Россия, Омская область, г. Омск, ул. Лермонтова, д. 60";"((3812)) 30-23-80";"okob_mail@minzdrav.omskportal.ru"
"13.02.2017";"Федеральное государственное бюджетное учреждение 'Санкт-Петербургский научно-практический центр медико-социальной экспертизы, протезирования и реабилитации инвалидов им. Г.А. Альбрехта' Министерства труда и социальной  защиты Российской Федерации";"7806104840";"195067, Россия, г. Санкт-Петербург, ул. Бестужевская, дом 50";"(812) 5432411";"reabin@center-albreht.ru"
"12.01.2017";"Федеральное государственное бюджетное научное учреждение 'Научный центр неврологии'";"7733012151";"125367, Россия, г. Москва, Волоколамское шоссе, д. 80";"(495)490-20-39, факс 490-22-10";"lia.neurology@mail.ru"
"21.12.2016";"Акционерное общество 'Группа компаний 'Медси'";"7710641442";"123056, Россия, г. Москва, Грузинский переулок, д.3 А";"(495)7370793, (495)7376182";"neverov.nig@medsigroup.ru"
"21.11.2016";"федеральное государственное бюджетное учреждение 'Клиническая больница № 1' Управления делами Президента Российской Федерации";"7729122063";"121352, Россия, г. Москва, ул. Староволынская, д. 10";"8(499)4411092";"urist@volynka.ru"
"21.11.2016";"Федеральное государственное бюджетное научное учреждение 'Научно-исследовательский институт экспериментальной и клинической  медицины'";"5408157430";"630117, Россия, Новосибирская область, г. Новосибирск, г.Новосибирск, ул.Тимакова,2";"(383)3359933";"clinic@centercem.ru"
"09.11.2016";"Акционерное общество 'Медсервис\Диагностика+'";"7727153267";"111024, Россия, г. Москва, ул. Душинская, д. 7, стр. 1";"(495)9783000";"medd@mail.ru"
"14.10.2016";"Общество с ограниченной ответственностью 'Первый клинический медицинский центр'";"3305719564";"601900, Россия, Владимирская область, г. Ковров, ул. Ватутина, д. 90";"(49232) 9-50-07";"info@clinicaleenter.ru"
"05.10.2016";"Федеральное государственное бюджетное учреждение здравоохранения 'Центральная клиническая больница восстановительного лечения Федерального медико-биологического агентства'";"5044013246";"141551, Россия, Московская область, Солнечногорский район, деревня Голубое";"(495) 536-22-88, факс 536-08-53";"INFO@ckbvl.net"
"09.09.2016";"Государственное автономное учреждение здравоохранения  'Республиканская клиническая больница Министерства здравоохранения Республики Татарстан'";"1659013660";"420064, Россия, Республика Татарстан, г. Казань, Оренбургский тракт, д. 138";"8 (843) 231-21-10, факс 8 (843) 231-21-52";"mz.rkb@tatar.ru"
"09.09.2016";"Государственное автономное учреждение здравоохранения Тюменской области 'Многопрофильный клинический медицинский центр 'Медицинский город'";"7204006910";"625041, Россия, Тюменская область, г. Тюмень, ул. Барнаульская,  д. 32";"(3452) 27-05-22";"medgorod@med-to.ru"
"06.09.2016";"государственное бюджетное учреждение здравоохранения Свердловской области «Областная детская клиническая больница № 1»";"6661002199";"620149, Россия, Свердловская область, г. Екатеринбург, ул. Серафимы Дерябиной, 32";"240-57-90, факс 240-58-01";"mail@odkb.ru"
"06.09.2016";"Государственное бюджетное учреждение Республики Марий Эл «Волжская центральная городская больница»";"1216029597";"425000, Россия, Республика Марий Эл, Волжск, ул. Советская, д.52";"(83631) 6-32-69, факс (83631) 6-32-69";"volcrb@mari-el.ru"
"06.09.2016";"Акционерное общество 'Поликлинический комплекс'";"7830002889";"190013, Россия, г. Санкт-Петербург, Московский пр.,д.22";"(812) 717-14-04, факс (812) 316-59-39";"info@cmtmed.com"
"02.08.2016";"Государственное бюджетное учреждение здравоохранения города Москвы 'Московский научно-практический центр наркологии Департамента здравоохранения города Москвы'";"7723356386";"109390, Россия, г. Москва, ул. Люблинская, д. 37/1";"8-499-179-45-28, 8 926 099 18 69";"mnpcn@bk.ru"
"02.08.2016";"Федеральное государственное автономное учреждение 'Национальный медицинский исследовательский центр нейрохирургии имени академика Н.Н. Бурденко' Министерства здравоохранения Российской Федерации";"7710103758";"125047, Россия, г. Москва, ул. 4-я Тверская-Ямская, д. 16";"(499) 251-24-05, факс (499) 972-85-03";"info@nsi.ru"
"02.08.2016";"Государственное бюджетное учреждение здравоохранения Московской области 'Люберецкий кожно-венерологический диспансер'";"5027070237";"140013, Россия, Московская область, г. Люберцы, ул. Коммунистическая, д. 15";"(495) 551-16-09";"guz_lkvd@mail.ru"
"25.07.2016";"Государственное бюджетное учреждение здравоохранения города Москвы 'Московский городской научно-практический центр борьбы с туберкулезом Департамента здравоохранения города Москвы'";"7718115064";"107014, Россия, г. Москва, ул. Стромынка, д. 10";"(499) 268-00-05";"doc@mnpcbt.ru"
"22.07.2016";"Федеральное государственное бюджетное учреждение 'Российский научно-исследовательский институт гематологии и трансфузиологии Федерального медико-биологического агентства'";"7815025433";"193024, Россия, г. Санкт-Петербург, 2-я Советская ул., дом 16";"274-56-50, факс 274-92-27";"RNIIHT@mail.ru"
"22.07.2016";"Федеральное государственное автономное учреждение здравоохранения Больница Пущинского научного центра Российской академии наук";"5039002859";"142290, Россия, Московская область, г. Пущино, ул. Институтская, д. 1";"(4967) 73-24-06, факс 33-13-06";"glavvracbpnc@mail.ru"
"03.06.2016";"Государственное бюджетное учреждение здравоохранения Тверской области  'Областной клинический лечебно-реабилитационный центр'";"6902016095";"170026, Россия, Тверская область, г. Тверь, ул.Горького, д.50";"(84822) 52-10-74";"reab-tver@bail.ru"
"13.05.2016";"федеральное государственное бюджетное учреждение 'Федеральный центр нейрохирургии' Министерства здравоохранения Российской Федерации (г. Тюмень)";"7204152364";"625000, Россия, Тюменская область, г. Тюмень, 4 км. Червишевского тракта,  д. 5";"8 (3452) 293-707";"info@fcn-tm.гu"
"13.05.2016";"Федеральное государственное бюджетное образовательное учреждение высшего образования 'Московский государственный университет имени М.В.Ломоносова'";"7729082090";"119991, Россия, г. Москва, Ленинские горы, д. 1";"(495) 531-27-37";"priemnaya@mc.msu.ru"
"13.05.2016";"Федеральное государственное бюджетное учреждение 'Федеральный центр травматологии, ортопедии и эндопротезирования' Министерства здравоохранения Российской Федерации (г. Смоленск)";"6732033809";"214031, Россия, Смоленская область, г. Смоленск, проспект Строителей, дом 29";"(8-4812) 70-10-00, (8-4812) 10-10-02";"con-tacts@orthosmolensk.ru"
"13.05.2016";"Государственное автономное учреждение здравоохранения 'Республиканский клинический онкологический диспансер Министерства здравоохранения Республики Татарстан'";"1660120850";"420029, Россия, Республика Татарстан, г. Казань, ул. Сибирский тракт, д. 29";"(843) 5192600, факс (843) 5192775";"rkod.mzrt@tatar.ru"
"13.05.2016";"Федеральное государственное бюджетное образовательное учреждение высшего образования 'Пермский государственный медицинский университет имени академика е.а. вагнера' министерства здравоохранения российской федерации";"5902290120";"614990, Россия, Пермский край, г. Пермь, Петропавловская, д. 26, корп. -, кв. -";"(342) 2172021";"rector@psma.ru"
"13.05.2016";"Государственное бюджетное учреждение здравоохранения Яролавской области 'Ярославская областная клиническая наркологическая больница'";"7606003563";"150054, Россия, Ярославская область, Ярославль, пр-т Октября, д. 59";"73-61-11";"yaoknb@yaroslavl.ru"
"25.04.2016";"Государственное бюджетное учреждение здравоохранения города Москвы Городская клиническая больница № 1 им. Н.И. Пирогова Департамента здравоохранения города Москвы";"7706055854";"119049, Россия, г. Москва, Ленинский проспект, д. 8";"(499) 236-60-69, (499) 236-65-28";"info@gkb1.mosgorzdrav.ru"
"19.04.2016";"Федеральное государственное бюджетное учреждение 'Федеральный научно-клинический центр физико-химической медицины Федерального медико-биологического агентства'";"7704014010";"119435, Россия, г. Москва, ул. М. Пироговская, д. 1А";"(499) 246-77-21";"info@niifhm.ru"
"11.04.2016";"Акционерное общество 'Современные медицинские технологии'";"7810519012";"190013, Россия, г. Санкт-Петербург, Московский пр., дом 22, лит. А";"(812) 777-97-77";"rk@cmtmed.com"
"24.03.2016";"Открытое акционерное общество 'Институт пластической хирургии  и косметологии'";"7708698635";"105066, Россия, г. Москва, ул.Ольховская, д. 27";"8 (495) 775-01-02, 8 (499) 775-01-03";"iphk@iphk.ru"
"11.02.2016";"федеральное государственное бюджетное учреждение 'Межотраслевой научно-технический комплекс 'Микрохирургия глаза' имени академика С.Н.Федорова' Министерства здравоохранения Российской Федерации";"7713059497";"127486, Россия, г. Москва, Бескудниковский бульвар, д. 59А";"(499) 906-50-01, факс (495) 485-59-54";"chfmntk@mail.ru, prmntk@chtts.ru"
"25.01.2016";"Федеральное государственное бюджетное научное учреждение 'Томский национальный исследовательский медицинский центр Российской академии наук'";"7019011979";"634009, Россия, Томская область, г. Томск, переулок Кооперативный, 5";"8(3822) 511039., факс 8(3822) 514097.";"center@tnimc.ru"
"25.01.2016";"Акционерное общество «Центр семейной медицины»";"6658112160";"620120, Россия, Свердловская область, г. Екатеринбург, ул. Начдива Васильева, 1 , корпус 3";"8 (343) 237-19-99, 8 (343) 212-11-59 (факс)";"cfm@cfm.ru"
"25.01.2016";"государственное бюджетное образовательное учреждение высшего профессионального образования 'Кубанский государственный медицинский университет' Министерства здравоохранения Российской Федерации";"2309023448";"350063, Россия, Краснодарский край, г. Краснодар, ул. Седина, д. 4";"8 (861) 262-73-76, факс 8 (861) 262-73-52, 8 (861) 257-05-09";"corpus@ksma.ru, klinika@bagk-med.ru"
"25.01.2016";"Государственное бюджетное образовательное учреждение высшего профессионального образования 'Ростовский государственный медицинский университет' Министерства здравоохранения Российской Федерации";"6163032850";"344022, Россия, Ростовская область, г. Ростов-на-Дону, пер. Нахичеванский, дом 29";"(863) 250-42-00, факс: (863) 201-43-90";"okt@rostgmu.ru"
"25.01.2016";"федеральное государственное бюджетное учреждение 'Центральная клиническая больница с поликлиникой' Управления делами Президента Российской Федерации";"7731082971";"121359, Россия, г. Москва, ул. Маршала Тимошенко, д. 15";"(495) 530-03-95, факс (499) 140-42-50";"glavcch@cch.pmc.ru"
"25.01.2016";"Федеральное государственное бюджетное учреждение науки 'Кировский научно-исследовательский институт гематологии и переливания крови Федерального медико-биологического агентства'";"4346007656";"610027, Россия, Кировская область, г. Киров, ул. Красноармейская, д.72";"(8332) 54-17-70, факс (8332) 54-97-31";"niigpk@yandex.ru"
"25.01.2016";"Государственное бюджетное учреждение здравоохранения Новосибирской области 'Государственная Новосибирская областная клиническая больница'";"5403106150";"630087, Россия, Новосибирская область, г.Новосибирск, ул.Немировича-Данченко, 130";"(8383) 315-99-00, (8383) 315-97-62, факс: (8383) 346-27-00";"gnokb@oblmed.nsk.ru"
"15.01.2016";"Государственное бюджетное учреждение здравоохранения города Москвы 'Городская клиническая больница № 67 имени Л.А. Ворохобова Департамента здравоохранения города Москвы'";"7734091519";"123423, Россия, г. Москва, ул. Саляма Адиля, д.2/44";"(495) 530-33-77, факс: (495) 530-31-82";"gkb67@inbox.ru"
"08.12.2015";"Государственное бюджетное учреждение здравоохранения города Москвы 'Городская клиническая больница № 24 Департамента здравоохранения города Москвы'";"7707011465";"127015, Россия, г. Москва, ул. Писцовая, д. 10";"(495) 504-79-13, (495) 613-04-34, (495) 613-04-08";"info@gkb24.mosgorzdrav.ru, gkb24@zdrav.mos.ru"
"30.11.2015";"государственное бюджетное учреждение «Уфимский научно-исследовательский институт глазных болезней Академии наук Республики Башкортостан»";"0274018070";"450008, Россия, Республика Башкортостан, г. Уфа, ул. Пушкина, дом 90";"(347) 272-37-75, факс (347) 272-08-52";"eye@anbr.ru"
"12.11.2015";"федеральное государственное бюджетное учреждение 'Государственный научный центр колопроктологии имени А.Н. Рыжих ' Министерства здравоохранения Российской Федерации";"7734087696";"123423, Россия, г. Москва, ул. Саляма Адиля, д. 2";"(499) 199-15-67, (499) 199-04-09";"info@gnck.ru"
"12.11.2015";"государственное бюджетное образовательное учреждение высшего профессионального образования 'Самарский государственный медицинский университет' Министерства здравоохранения Российской Федерации";"6317002858";"443099, Россия, Самарская область, г. Самара, ул. Чапаевская, д.89";"(846) 332-16-34, (846) 333-29-76";"info@samsmu.ru, samsmu@hotmail.com"
"12.11.2015";"Федеральное государственное бюджетное научное учреждение 'Центральный научно-исследовательский институт туберкулеза'";"7718103686";"107564, Россия, г. Москва, ул. Яузская аллея, д. 2";"(499) 785-90-19, (499) 785-91-36, (499) 785-91-08";"cniit@ramn.ru, office_cniit@mail.ru"
"28.10.2015";"бюджетное учреждение здравоохранения Воронежской области 'Воронежская областная клиническая больница №1'";"3662006088";"394066, Российская Федерация, Воронежская область, Воронеж, Московский проспект, 151";"(473) 257-96-57";"hospital@okb.vrn.ru"
"28.10.2015";"бюджетное учреждение Ханты-Мансийского автономного округа - Югры «Ханты-Мансийский клинический кожно-венерологический диспансер»";"8601009845";"628012, Россия, Ханты-Мансийский автономный округ, г. Ханты-Мансийск, улица Гагарина, дом 72";"(3467) 35-05-45";"adm@kvd-hm.ru"
"28.10.2015";"федеральное государственное бюджетное учреждение 'Научно-исследовательский детский ортопедический институт имени Г.И. Турнера' Министерства здравоохранения Российской Федерации";"7820009821";"196603, Россия, г. Санкт-Петербург, г. Пушкин, ул. Парковая, д. 64-68";"(812) 465-28-57";"turner01@mail.ru"
"28.10.2015";"Федеральное государственное бюджетное учреждение здравоохранения 'Клиническая больница № 85 Федерального медико-биологического агентства'";"7724010662";"115409, Россия, г. Москва, ул. Москворечье, д. 16";"(499) 324-85-52, (499) 324-55-10";"info@kb85.ru"
"26.10.2015";"Федеральное государственное бюджетное  образовательное учреждение высшего  образования 'Южно-Уральский государственный медицинский университет' Министерства здравоохранения Российской Федерации";"7453042876";"454092, Россия, Челябинская область, г. Челябинск, ул. Воровского, д. 64";"8(351) 232-02-37";""
"13.10.2015";"Федеральное государственное бюджетное учреждение 'Сибирский федеральный научно-клинический центр Федерального медико-биологического агентства'";"7024038542";"636035, Россия, Томская область, ЗАТО Северск район, г. Северск, ул. Мира, д.4";"(3822) 51-53-88, факс: (3822) 51-21-15";"prim@niikf.tomsk.ru, kb81@med.tomsk.ru"
"13.10.2015";"Негосударственное учреждение здравоохранения 'Дорожная клиническая больница имени Н.А. Семашко на станции Люблино открытого акционерного общества 'Российские железные дороги'";"7723518340";"109386, Россия, г. Москва, ул. Ставропольская, домовл. 23, корп. 1";"(495)350 33 14, (916)448 69 45, факс (495)350 58 76";"info@semashko.com, gennadiy-osokin@mail.ru"
"13.10.2015";"Федеральное бюджетное учреждение науки 'Санкт-Петербургский научно-исследовательский институт эпидемиологии и микробиологии им. Пастера'";"7813047047";"197101, Россия, г. Санкт-Петербург, ул. Мира, д. 14";"(812) 233-20-92, (812) 232-92-17";"pasteur@pasteurorg.ru"
"21.08.2015";"государственное автономное учреждение здравоохранения Новосибирской области 'Городская клиническая поликлиника № 1'";"5406011309";"630099, Россия, Новосибирская область, г. Новосибирск, ул. Серебренниковская, 42";"(383) 223-97-00, (913) 757-59-67";"centr_clin@mail.ru, gp1@mednsk.ru"
"21.08.2015";"Медицинское частное учреждение дополнительного профессионального образования 'Нефросовет'";"7730184402";"121170, Россия, г. Москва, ул. Кульнева, д.3, стр.1";"(495) 933-38-51, (495) 737-33-84";"info@nefrosovet.ru"
"17.08.2015";"бюджетное учреждение здравоохранения Омской области 'Городской клинический перинатальный центр'";"5503031300";"644007, Россия, Омская область, г. Омск, ул. Герцена, д. 69";"(3812) 940-106, (913) 970-34-23";"naboka_margaret@mail.ru"
"17.08.2015";"Федеральное государственное бюджетное учреждение 'Эндокринологический научный Центр' Министерства здравоохранения Российской Федерации";"7728016351";"117036, Россия, г. Москва, ул. Дмитрия Ульянова, д. 11";"(499) 124-43-00, факс (499) 718-05-22";"dedov@endocrincentr.ru"
"12.08.2015";"Федеральное государственное бюджетное учреждение 'Федеральный центр сердечно-сосудистой хирургии' Министерства здравоохранения Российской Федерации (г. Пенза)";"5835075661";"440071, Россия, Пензенская область, г. Пенза, ул. Стасова, д. 6";"(8412) 41-23-11, факс (8412) 41-23-77";"cardio-penza@yandex.ru"
"31.07.2015";"Областное государственное автономное учреждение здравоохранения «Городская клиническая больница № 3»";"7018014649";"634034, Россия, Томская область, Томск, ул. Нахимова, д. 3";"тел. (382) 241-98-63, факс (382) 241-97-62";"admin@gb3.ru"
"31.07.2015";"Общество с ограниченной ответственностью 'Офтальмологическая клиника 'Кругозор'";"1841032556";"426076, Россия, Удмуртская Республика, Ижевск, ул.Пушкинская, д.181";"(3412) 562511, (3412) 933434";"n.chebukova@krugozor.pro"
"15.07.2015";"Федеральное государственное бюджетное образовательное учреждение высшего профессионального образования 'Рязанский государственный медицинский университет имени академика И.П. Павлова' Министерства здравоохранения Российской Федерации";"6228013199";"390026, Россия, Рязанская область, г. Рязань, ул. Высоковольтная, д. 9";"(4912) 46-08-01, факс 46-08-08";"rzgmu@rzgmu.ru"
"25.06.2015";"Федеральное государственное бюджетное учреждение 'Национальный медико-хирургический Центр имени Н.И. Пирогова' Министерства здравоохранения Российской Федерации";"7733108569";"105203, Россия, г. Москва, ул. Нижняя Первомайская, д. 70";"(499) 464-10-54, 465-33-55, факс (499) 465-09-52";"info@pirogov-center.ru"
"04.06.2015";"Федеральное государственное бюджетное учреждение 'Федеральный центр сердечно-сосудистой хирургии' Министерства здравоохранения  Российской Федерации (г. Красноярск)";"2466228533";"660020, Россия, Красноярский край, г. Красноярск, ул. Караульная, д. 45";"(391) 226-82-68, (391) 226-81-00";"office@krascor.ru"
"03.06.2015";"Государственное бюджетное учреждение 'Санкт-Петербургский научно-исследовательский институт скорой помощи имени И.И. Джанелидзе'";"7816058093";"192242, Россия, г. Санкт-Петербург, ул. Будапештская, д. 3, литера А";"(812) 774-86-75, факс (812) 384-46-75";"info@emergency.spb.ru"
"01.06.2015";"Федеральное государственное бюджетное учреждение 'Национальный медицинский исследовательский центр оториноларингологии Федерального медико-биологического агентства'";"7734241612";"123182, Россия, г. Москва, Волоколамское шоссе, д. 30, корп. 2";"(499)968-69-00";"otolar@fmbamail.ru"
"13.05.2015";"Государственное бюджетное учреждение здравоохранения города Москвы 'Детская городская клиническая больница имени З.А. Башляевой Департамента здравоохранения города Москвы'";"7733024083";"125373, Россия, г. Москва, ул. Героев Панфиловцев, д. 28";"(496) 496-91-00, (495) 949-00-88, (495) 496-43-30";"info@tdgb.mosgorzdrav.ru, anastasiya_makar@inbox.ru"
"06.05.2015";"Общество с ограниченной ответственностью 'Городской Стоматологический Центр'";"7730660806";"121293, Россия, г. Москва, ул. Генерала Ермолова, д.10/6";"(499) 148-07-70";"info@gorstomcentr.ru"
"06.05.2015";"Государственное бюджетное учреждение здравоохранения 'Самарский областной клинический онкологический диспансер'";"6319077552";"443031, Россия, Самарская область, г. Самара, улица Солнечная, 50";"(846) 994-06-99, факс (846) 994-03-99";"sodl@samtel.ru"
"13.04.2015";"Общество с ограниченной ответсвенностью'Дентал Комфорт'";"7816238963";"193315, Российская Федерация, г. Санкт-Петербург, ул. Народная, д. 42, корп. 2, лит. А, пом. 6Н";"(812) 380-82-17";"vitanikabuh@inbox.ru"
"13.04.2015";"федеральное государственное бюджетное учреждение 'Ростовский научно-исследовательский онкологический институт' Министерства здравоохранения Российской Федерации";"6167034142";"344037, Российская Федерация, Ростовская область, г. Ростов-на-Дону, ул. 14-я линия, д. 63";"(863) 300-30-05, факс (863) 2532533";"onko-sekretar@mail.ru"
"31.03.2015";"Государственное бюджетное учреждение здравоохранения города Москвы 'Московский клинический научно-практический центр имени А.С. Логинова Департамента здравоохранения города Москвы'";"7720093523";"111123, Россия, г. Москва, Энтузиастов ш, д. 86";"(495) 304-74-23, факс (495) 304-19-42";"info@mknc.ru"
"31.03.2015";"федеральное государственное бюджетное учреждение 'Федеральный центр нейрохирургии' Министерства здравоохранения Российской Федерации (г. Новосибирск)";"5403338271";"630087, Россия, Новосибирская область, Новоросибирск, улица Немировича-Данченко, дом 132/1";"(383) 349-83-79, факс (383) 349-83-04";"3498379@gmail.com"
"17.03.2015";"Краевое государственное бюджетное учреждение 'Краевая клиническая больница'";"2465030876";"660022, Россия, Красноярский край, г. Красноярск, ул. Партизана Железняка, д. 3А";"(391) 220-16-13";"kkb@medgorod.ru"
"04.02.2015";"Федеральное государственное бюджетное учреждение 'Национальный медицинский исследовательский центр кардиологии' Министерства здравоохранения Российской Федерации";"7731243467";"121552, Россия, г. Москва, ул. 3-я Черепковская, д. 15А";"(499)140-93-36";"info@cardioweb.ru"
"14.01.2015";"Общество с ограниченной ответственностью 'Лечебно-профилактическое учреждение 'Санаторий Дорохово'";"5075023100";"143151, Россия, Московская область, Рузский район, д. Старая Руза";"(495) 992-76-44, (495) 992-76-45";"total@lpusd.ru"
"18.12.2014";"Негосударственное частное учреждение здравоохранения 'Научный клинический центр открытого акционерного общества 'Российские железные дороги'";"7743111112";"125315, Россия, г. Москва, ул. Часовая, д. 20";"(499) 151-12-06, факс (499) 155-38-98, (925)803 87 20";"nkcrzd@ckb.rzd.ru  clinpharmcb6@mail.ru"
"17.12.2014";"Федеральное государственное унитарное предприятие 'Научно-исследовательский институт гигиены, профпатологии и экологии человека' Федерального медико-биологического агентства";"4703008032";"188663, Россия, Ленинградская область, Всеволожский район, пгт. Кузьмоловский, ст. Капитолово, корп. № 93";"(812) 449-61-77, (812) 449-61-68";"gpech @fmbamail.ru"
"16.12.2014";"Федеральное государственное бюджетное образовательное учреждение высшего образования «Казанский государственный медицинский университет» Министерства здравоохранения Российской Федерации";"1655007760";"420012, Россия, Республика Татарстан, г. Казань, ул. Бутлерова, д. 49";"(843) 293-06-52";"rector@kazangmu.ru"
"16.12.2014";"БУЗОО 'Клинический родильный дом № 6'";"5507045262";"644112, Россия, Омская область, г. Омск, ул. Перелета, д. 3";"(3812) 73-32-29";"muzkrd6@mail.ru"
"16.12.2014";"Общество с ограниченной ответственностью «Европейский медицинский центр «УГМК-Здоровье»";"6671276329";"620144, Россия, Свердловская область, г. Екатеринбург, ул. Шейнкмана, д. 113, офис 521";"(343) 344-27-67";"komarovaan@ugmk-clinic.ru"
"16.12.2014";"Общество с ограниченной ответственностью 'ВАЛЛЕКС М'";"7728207613";"117630, Россия, г. Москва, Старокалужское шоссе, д. 62";"(495) 784-73-33, факс (495) 784-71-20";"salon@vallexm.ru"
"15.12.2014";"Федеральное государственное бюджетное учреждение науки 'Российский научно-практический центр аудиологии и слухопротезирования Федерального медико-биологического агентства'";"7728263537";"117513, Россия, г. Москва, Ленинский проспект, д. 123";"(499) 749-61-05, факс (499) 749-61-04";"mailbox@audiology.ru"
"20.11.2014";"Федеральное государственное бюджетное учреждение здравоохранения 'Клиническая больница № 86 Федерального медико-биологического агентства'";"7734088650";"123098, Россия, г. Москва, ул. Гамалеи, д. 15";"(499) 196-58-75";"kb-86@yandex.ru"
"20.11.2014";"Федеральное государственное бюджетное научное учреждение 'Научно-исследовательский иинститут кардиологии'";"7021000660";"634012, Россия, Томская область, Томск, ул. Киевская, 111 А";"(3822) 55-34-49, факс (3822) 55-50-57";"map63@cardio-tomsk.ru"
"19.11.2014";"Автономная Некоммерческая Организация 'Клиника травматологии, ортопедии и нейрохирургии НИИТО'";"5406189081";"630091, Россия, Новосибирская область, г. Новосибирск, улица Фрунзе, 19а";"(383) 363-31-31";"ano@niito.ru"
"14.11.2014";"Общество с ограниченной ответственностью 'Нижегородский институт прикладной биотехнологии'";"5260152082";"603093, Россия, Нижегородская область, г. Нижний Новгород, ул. Яблоневая, д. 22, 1 этаж, помещения №№ 29-32, 34, 35, 38";"(831) 467-82-19";"md-clinic@nipbnn.ru"
"12.11.2014";"Федеральное государственное учреждение 'Ивановский научно-исследовательский институт материнства и детства имени В.Н. Городкова' Министерства здравоохранения Российской Федерации";"3730004236";"153045, Россия, Ивановская область, г. Иваново, ул. Победы, д. 20";"(4932) 33-62-63, (4932) 33-62-56";"ivniimid@ivnet.ru"
"07.11.2014";"Федеральное государственное бюджетное учреждение 'Национальный медицинский исследовательский центр сердечно-сосудистой хирургии имени А.Н. Бакулева' Министерства здравоохранения Российской Федерации";"7706137673";"119049, Россия, г. Москва, Ленинский пр-кт, д. 8";"(495) 414 79 26";"bakulev.yurotdel@bk.ru"
"27.10.2014";"Государственное бюджетное учреждение здравоохранения города москвы 'Городская клиническая больница имени м.е. жадкевича департамента здравоохранения города москвы'";"7731038690";"121374, г. Москва, г. Москва, Можайское шоссе, д. 14";"(495) 440-20-93, факс (495) 440-21-01";"info@gb71.ru"
"27.10.2014";"Федеральное государственное бюджетное образовательное учреждение высшего образования «Красноярский государственный медицинский университет имени профессора В.Ф.Войно-Ясенецкого» Министерства здравоохранения Российской Федерации";"2465015109";"660022, Россия, Красноярский край, г. Красноярск, Партизана Железняка ул, д. 1";"(391)220-13-95";"rector@krasgmu.ru"
"27.10.2014";"Федеральное государственное автономное образовательное учреждение высшего образования 'Российский национальный исследовательский медицинский университет имени Н.И. Пирогова' Министерства здравоохранения Российской Федерации";"7728095113";"117997, Россия, г. Москва, ул. Островитянова, д. 1";"(495) 434-03-29, факс (495) 343-61-29";"rsmu@rsmu.ru"
"27.10.2014";"государственное автономное учреждение здравоохранения Московской области 'Химкинская центральная клиническая больница'";"5047010074";"141400, Россия, Московская область, г. Химки, Ленинский проспект, д. 14";"(495) 793-20-78";"hcgb.muz@mail.ru"
"21.10.2014";"Государственное бюджетное учреждение Республики Марий Эл 'Республиканский центр по профилактике и борьбе со СПИД и инфекционными заболеваниями'";"1215043856";"424037, Россия, Республика Марий Эл, Йошкар-Ола, ул. Дружбы, д. 95";"(8362) 41-91-81, факс (8362) 41-91-81";"aidsmari@mari-el.ru"
"21.10.2014";"Общество с ограниченной ответственностью 'Независимая лаборатория ИНВИТРО'";"7710294238";"125047, Россия, г. Москва, ул. 4-я Тверская-Ямская, д. 16, корп. 3";"(495) 258-07-88, факс (495) 363-03-63";"nipopova@invitro.ru"
"20.10.2014";"государственное автономное учреждение здравоохранения Свердловской области «Свердловская областная клиническая больница № 1»";"6658081585";"620102, Россия, Свердловская область, г. Екатеринбург, Волгоградская ул, д. 185";"(343) 351-15-15";"office@okb1.ru"
"20.10.2014";"Государственное бюджетное образовательное учреждение высшего профессионального образования 'Башкирский государственный медицинский университет' Министерства здравоохранения Российской Федерации";"0274023088";"450000, Россия, Республика Башкортостан, г. Уфа, ул. Ленина, д. 3";"(347) 272-41-73, (347) 272-37-51";"rektorat@anrb.ru"
"15.10.2014";"Федеральное государственное бюджетное учреждение 'Уральский научно-исследовательский институт охраны материнства и младенчества' Министерства здравоохранения Российской Федерации";"6658021459";"620028, Россия, Свердловская область, г. Екатеринбург, ул. Репина, д. 1";"(343) 371-87-68, (343) 371-87-73";"omm@niiomm.ru"
"14.10.2014";"Акционерное общество 'Европейский Медицинский Центр'";"7710025517";"129090, Россия, г. Москва, Щепкина ул., д. 35";"(495) 933-66-55 доб.2116";"yuakuznetsova@emcmos.ru"
"14.10.2014";"Федеральное государственное бюджетное учреждение 'Новокузнецкий научно-практический центр медико-социальной экспертизы и реабилитации инвалидов' Министерства труда и социальной защиты Российской Федерации";"4218006431";"654055, Россия, Кемеровская область, г. Новокузнецк, ул. Малая, д. 7";"(3843) 37-82-94, (3843) 36-91-26, (3843) 37-59-08";"root@reabil-nk.ru"
"13.10.2014";"Федеральное государственное бюджетное учреждение 'Федеральное бюро медико-социальной экспертизы' Министерства труда и социальной защиты Российской Федерации";"7743085670";"127486, Россия, г. Москва, ул. Ивана Сусанина, д. 3";"(499) 906-04-93, (499) 481-81-81";"fbmse1@rambler.ru"
"03.10.2014";"Областное государственное бюджетное учреждение здравоохранения 'Белгородская областная клиническая больница Святителя Иоасафа'";"3124020975";"308007, Россия, Белгородская область, г. Белгород, ул. Некрасова, д. 8/9";"(4722) 50-49-71, 50-49-59, факс (4722) 26-78-50";"belokb@bokb.ru"
"03.10.2014";"федеральное государственное бюджетное учреждение 'Национальный медицинский исследовательский центр онкологии имени Н.Н. Петрова' Министерства здравоохранения Российской Федерации";"7821006887";"197758, Россия, г. Санкт-Петербург, пос. Песочный, ул. Ленинградская, дом 68";"(812) 439 95 55";"oncl@rion.spb.ru"
"12.09.2014";"государственное автономное учреждение здравоохранения Саратовской области «Областная офтальмологическая больница»";"6453025075";"410051, Россия, Саратовская область, г. Саратов, 9 Дачная остановка тер.";"(8452) 48-92-90";"saroft@renet.ru"
"22.08.2014";"Государственное бюджетное учреждение здравоохранения города Москвы 'Морозовская детская городская клиническая больница Департамента здравоохранения города Москвы'";"7705039232";"119049, Россия, г. Москва, 4-й Добрынинский переулок, д. 1/9";"(499) 236-24-02, факс (499) 236-22-13";"info@mdgkb.mosgorzdrav.ru"
"19.08.2014";"Государственное автономное учреждение здравоохранения города Москвы 'Московская городская онкологическая больница № 62 Департамента здравоохранения города Москвы'";"5024001482";"143423, Россия, Московская область, Красногорский район, п/о Степановское, пос. Истра, д. 27, стр. с 1 по 26";"(495) 536-01-10 (495) 536-01-23";"info@onco62.ru"
"18.08.2014";"федеральное государственное бюджетное учреждение 'Научно-исследовательский институт урологии' Министерства здравоохранения Российской Федерации";"7719039271";"105425, Россия, г. Москва, ул. 3-я Парковая, д. 51, стр. 4";"(499) 367-75-87, факс (499) 165-09-11";"sekr.urology@gmail.ru"
"18.08.2014";"Федеральное государственное бюджетное учреждение 'Российский научный центр хирургии имени академика Б.В. Петровского' Российской академии медицинских наук";"7704030124";"119991, Россия, г. Москва, Абрикосовский пер., д. 2";"(499) 246-95-63, факс (499) 246-89-88";"nrcs@med.ru"
"18.08.2014";"федеральное государственное бюджетное учреждение 'Клиническая больница' Управления делами Президента Российской Федерации";"7718083969";"107150, Россия, г. Москва, ул. Лосиноостровская, д. 45";"(499) 167-01-78, факс (499) 167-24-66";"as.evseev@mail.ru"
"06.08.2014";"Федеральное государственное бюджетное учреждение 'Государственный научный центр Российской Федерации - Федеральный медицинский биофизический центр имени А.И. Бурназяна'";"7734581136";"123182, Россия, г. Москва, ул. Живописная, д. 46";"(499) 190-86-85, факс (499) 190-85-73";"fmbc-fmba@mail.ru"
"06.08.2014";"федеральное государственное бюджетное учреждение 'Научно-исследовательский институт гриппа' Министерства здравоохранения Российской Федерации";"7813045650";"197376, Россия, г. Санкт-Петербург, ул. Профессора Попова, д. 15/17";"(812) 499-15-38";"klinika@influenza.spb.ru"
"01.08.2014";"Федеральное государственное бюджетное учреждение 'Главный военный клинический госпиталь имени академика Н.Н.Бурденко' Министерства обороны Российской Федерации";"7701114305";"105229, Россия, г. Москва, Госпитальная площадь, д. 3";"(499)263-29-46, (499)263-55-55, ф.(499)263-52-97";"GVKG.300@mail..ru"
"01.08.2014";"федеральное государственное бюджетное учреждение 'Российский ордена Трудового Красного Знамени научно-исследовательский институт травматологии и ортопедии имени Р.Р. Вредена' Министерства здравоохранения Российской Федерации";"7813045441";"195427, Россия, г. Санкт-Петербург, улица Академика Байкова, дом 8";"(812) 670-86-87, факс (812) 670-86-88";"info@rniito.org"
"01.08.2014";"Общество с ограниченной ответственностью 'ВЫМПЕЛ-МЕДЦЕНТР'";"7733803121";"125367, Россия, г. Москва, Полесский проезд, д. 2, корпус 1, помещение 3";"(495) 942-53-39, факс (499) 1901604";"p1o1l@yandex.ru"
"01.08.2014";"федеральное государственное бюджетное образовательное учреждение высшего образования 'Тверской государственный медицинский университет' Министерства здравоохранения Российской Федерации";"6905010888";"170100, Россия, Тверская область, г. Тверь, улица Советская, дом 4";"(4822) 32-02-82, факс (4822) 32-30-08";"m000293@tversu.ru"
"01.08.2014";"Федеральное государственное бюджетное научное учреждение 'Иркутский научный центр хирургии и травматологии'";"3812014683";"664003, Россия, Иркутская область, г. Иркутск, ул. Борцов Революции, д.1";"(3952) 40-78-09, факс (3952) 46-95-66";"scrrs.irk@gmail.com"
"01.08.2014";"Государственное бюджетное образовательное учреждение дополнительного профессионального образования «Казанская государственная медицинская академия» Министерства здравоохранения и социального развития Российской Федерации";"1655004760";"420012, Россия, Республика Татарстан, г. Казань, ул. Муштари, д. 11";"(843) 267-61-51, факс (843) 238-34-73";"ksma@mi.ru"
"01.08.2014";"Федеральное государственное бюджетное учреждение 'Российский научный центр радиологии и хирургических технологий' Министерства здравоохранения Российской Федерации";"7821007633";"197758, Россия, г. Санкт-Петербург, п. Песочный, ул. Ленинградская, д. 70";"(812) 596-84-62, факс (812) 596-67-05";"crirr@peterlink.ru"
"29.07.2014";"Федеральное государственное бюджетное учреждение 'Национальный медицинский исследовательский центр детской гематологии, онкологии и иммунологии имени Дмитрия Рогачева' Министерства здравоохранения Российской Федерации";"7728008953";"117198, Россия, г. Москва, ул. Саморы Машела, д. 1";"(495) 287-65-70, факс (495) 664-70-90";"info@fnkc.ru"
"24.07.2014";"федеральное государственное бюджетное военное образовательное учреждение высшего образования 'Военно-медицинская академия имени С.М.Кирова' Министерства обороны Российской Федерации";"7802048578";"194044, Россия, г. Санкт-Петербург, ул. Академика Лебедева, д. 6, лит. Ж";"(812) 292-32-63";""
"23.07.2014";"Государственное бюджетное учреждение здравоохранения города Москвы 'Научно-исследовательский институт неотложной детской хирургии и травматологии' Департамента здравоохранения города Москвы";"7706517001";"119180, Россия, г. Москва, ул. Большая Полянка, дом 22";"(495) 633-58-00";"mail@doctor-roshal.ru"
"21.07.2014";"Федеральное государственное образовательное учреждение высшего образования 'Оренбургский государственный медицинский университет' МИнистерства здравоохранения Российской Федерации";"5610042554";"460000, Россия, Оренбургская область, г. Оренбург, ул. Советская/ул. М.Горького/пер. Дмитриевский, д. 6/45/7";"8 (3532) 77-03-96, факс 8 (3532) 77-24-59";"orgma@esoo.ru"
"17.07.2014";"федеральное государственное бюджетное учреждение '3 Центральный военный клинический госпиталь имени А.А. Вишневского' Министерства обороны Российской Федерации";"5024000030";"143420, Россия, Московская область, Красногорский район, г. ., поселок Новый";"(498) 653-94-45";"3hospital@mail.ru"
"17.07.2014";"федеральное государственное бюджетное учреждение 'Санкт-Петербургский научно-исследовательский институт фтизиопульмонологии' Министерства здравоохранения Российской Федерации";"7815022288";"191036, Россия, г. Санкт-Петербург, Лиговский проспект, д. 2-4";"(812) 579-25-54, факс (812) 579-25-73";"spbniif_all@mail.ru"
"17.07.2014";"Федеральное государственное бюджетное учреждение 'Научно-исследовательский институт глазных болезней' Российской академии медицинских наук";"7704084426";"119021, Россия, г. Москва, ул. Россолимо, д. 11, корп. А, корп. Б";"(499) 248-01-25";"info@eyeacademy.ru"
"17.07.2014";"федеральное государственное бюджетное учреждение 'Санкт-Петербургский научно-исследовательский институт фтизиопульмонологии' Министерства здравоохранения Российской Федерации";"7815022288";"191036, Россия, г. Санкт-Петербург, Лиговский проспект, д. 2-4";"(812) 579-25-54, факс (812) 579-25-73";"spbniif_all@mail.ru"
"04.07.2014";"Федеральное государственное бюджетное учреждение 'Национальный медицинский исследовательский центр онкологии имени Н.Н.Блохина' Министерства здравоохранения Российской Федерации";"7724075162";"115478, Россия, г. Москва, Каширское ш, д. 24";"(499) 324-11-14";"info@ronc.ru"
"26.06.2014";"Государственное бюджетное учреждение здравоохранения города Москвы 'Научно-исследовательский институт скорой помощи им. Н.В. Склифосовского Департамента здравоохранения города Москвы'";"7702036321";"129090, Россия, г. Москва, Б.Сухаревская площадь, д. 3";"(495) 628-36-45, (495)628-37-01, +7(930)977-06-53";"clinictest@sklif.mos.ru"
"26.06.2014";"федеральное государственное бюджетное учреждение 'Межотраслевой научно - технический комплекс 'Микрохирургия глаза имени академика С.Н. Федорова Министерства здравоохранения Российской Федерации'";"7713059497";"127486, Россия, г. Москва, Бескудниковский бульвар, д. 59 А";"(499) 906-50-01, факс (495) 485-59-54";"info@mntk.ru"
"23.06.2014";"Федеральное Государственное Бюджетное Учреждение 'Всероссийский центр экстренной и радиационной медицины имени А.М. Никифорова' Министерства Российской Федерации по делам гражданской обороны, чрезвычайным ситуациям и ликвидациипоследствий стихийныхбедствий";"7802065830";"194044, Россия, г. Санкт-Петербург, ул. Академика Лебедева, д. 4/2, лит. А, пом. 1Н";"(812) 541-85-65, факс (812) 541-88-05";"medicine@arcerm.spb.ru"
"23.06.2014";"Федеральное государственное бюджетное учреждение 'Национальный медицинский исследовательский центр хирургии имени А.В. Вишневского' Министерства здравоохранения Российской Федерации";"7705034322";"117997, Россия, г. Москва, ул. Большая Серпуховская, д. 27";"(499) 236-72-90, факс (499) 236-61-30";"vishnevskogo@ixv.ru"
"18.06.2014";"Федеральное государственное бюджетное учреждение здравоохранения 'Центральная медико-санитарная часть № 165 Федерального медико-биологического агентства'";"7725059501";"115230, Россия, г. Москва, Каширское шоссе, д. 13Г";"(499) 506-69-68, факс (499) 506-69-68";"cmsch165@fmbamail.ru"
"18.06.2014";"Общество с ограниченной ответственностью 'Стоматологический Центр 'ВладМиВа'";"3123106556";"308023, Россия, Белгородская область, Белгород, ул. Садовая, 118";"(4722) 201-111";"stomat@vladmiva.ru"
"18.06.2014";"федеральное государственное бюджетное учреждение 'Новосибирский научно-исследовательский институт травматологии и ортопедии им.Я.Л.Цивьяна' Министерства здравоохранения Российской Федерации";"5406011563";"630091, Россия, Новосибирская область, г. Новосибирск, ул. Фрунзе, д. 17";"(383) 363-31-31, факс (383) 224-55-70";"niito@niito.ru"
"17.06.2014";"Общество с ограниченной ответственностью 'Лечебно-диагностический центр Международного института биологических систем имени Сергея Березина'";"7802290931";"194354, Российская Федерация, г. Санкт-Петербург, ул.Есенина, д.2, корпус 3, лит.А";"(812) 244-04-14, факс (812) 244-04-15";"urist@ldc.ru"
"17.06.2014";"Федеральное государственное бюджетное образовательное учреждение высшего образования 'Новосибирский государственный медицинский университет' Министерства здравоохранения Российской Федерации";"5406011186";"630091, Россия, Новосибирская область, г. Новосибирск, Красный проспект, дом 52";"(383) 222-32-04, факс (383) 222-32-04";""
"11.06.2014";"Федеральное государственное бюджетное образовательное учреждение дополнительного профессионального образования 'Российская медицинская академия непрерывного профессионального образования' Министерства здравоохранения Российской Федерации";"7703122485";"125993, Россия, г. Москва, Баррикадная ул, дом 2/1, строение 1";"(499) 255-08-39";"rmapo@rmapo.ru"
"03.06.2014";"Федеральное государственное бюджетное учреждение 'Национальный медицинский исследовательский центр реабилитации и курортологии' Министерства здравоохранения Российской Федерации";"7704040281";"121099, Россия, г. Москва, ул. Новый Арбат, д. 32";"(499) 277-01-04";"nmicrk@nmicrk.ru"
"23.05.2014";"федеральное государственное бюджетное образовательное учреждение высшего образования 'Читинская государственная медицинская академия' Министерства здравоохраненя Российской Федерации";"7536010483";"672000, Россия, Забайкальский край, г. Чита, ул. Горького, 39-а";"(3022) 35-43-24";"pochta@chitgma.ru"
"22.05.2014";"Государственное бюджетное учреждение здравоохранения Московской области 'Московский областной научно-исследовательский клинический институт им. М.Ф.Владимирского'";"7702066157";"129110, Россия, г. Москва, ул. Щепкина, д. 61/2";"681-55-85, факс 631-93-90";"moniki@monikiweb.ru"
"19.05.2014";"Федеральное государственное бюджетное учреждение 'Государственный научный центр  лазерной медицины Федерального медико-биологического агентства'";"7730037623";"121165, Россия, г. Москва, ул. Студенческая, д. 40, стр. 1";"(499) 249-39-05";"gnzlmfm-ba@yandex.ru"
"19.05.2014";"федеральное государственное бюджетное учреждение 'Центральный научно-исследовательский институт стоматологии и челюстно-лицевой хирургии' Министерства здравоохранения Российской Федерации";"7704115177";"119991, Россия, г. Москва, ул. Тимура Фрунзе, д. 16";"(499) 766-46-06";"tc-cniis@yandex.ru"
"19.05.2014";"федеральное государственное бюджетное образовательное учреждение высшего образования «Первый Санкт-Петербургский государственный медицинский университет имени академика И.П.Павлова» Министерства здравоохранения Российской Федерации";"7813047463";"197022, Россия, г. Санкт-Петербург, ул. Льва Толстого, д. 6-8";"(812) 234-42-10";"nadin_m@list.ru"
"14.05.2014";"Санкт-Петербургское государственное бюджетное учреждение здравоохранения 'Городская Мариинская больница'";"7808046224";"191104, Россия, г. Санкт-Петербург, Литейный проспект, д. 56";"(812) 275-74-33, 275-74-86";"b16@zdrav.spb.ru"
"12.05.2014";"Федеральное государственное бюджетное учреждение 'Научно-исследовательский институт комплексных проблем сердечно-сосудистых заболеваний' Сибирского отделения Российской академии медицинских наук";"4205012290";"650002, Россия, Кемеровская область, г. Кемерово, бульвар Сосновый,  6";"(3842) 64-33-08, факс 64-34-10";"reception@cardio.kem.ru"
"12.05.2014";"Федеральное государственное бюджетное учреждение 'Национальный медицинский исследовательский центр глазных болезней имени Гельмгольца' Министерства здравоохранения Российской Федерации";"7701031585";"105062, Россия, г. Москва, Садовая-черногрязская ул, д. 14/19";"(495) 607-73-31";"info@igb.ru"
"07.05.2014";"Федеральное государственное бюджетное учреждение 'Федеральный центр травматологии, ортопедии и эндопротезирования' Министерства здравоохранения Российской Федерации (г. Барнаул)";"2225130700";"656045, Россия, Алтайский край, г. Барнаул, ул. Ляпидевского, д. 1/3";"8-3852-297-501";"297501@mail.ru"
"07.05.2014";"Федеральное государственное бюджетное учреждение 'Национальный медицинский исследовательский центр травматологии и ортопедии имени Н.Н. Приорова' Министерства здравоохранения Российской Федерации";"7713003222";"125299, Россия, г. Москва, Приорова ул, д. 10";"(495) 450-38-31, 450-24-72, факс (495) 154-31-39";"cito@cito-priorov.ru"
"07.05.2014";"Федеральное государственное бюджетное учреждение 'Детский научно-клинический центр инфекционных болезней Федерального медико-биологического агентства'";"7813045265";"197022, Россия, г. Санкт-Петербург, ул. Профессора Попова ул, д. 9";"(812) 234-60-04, факс (812) 234-96-91";"niidi@niidi.ru"
"05.05.2014";"Федеральное государственное бюджетное учреждение 'Национальный медицинский исследовательский центр радиологии' Министерства здравоохранения Российской Федерации";"7714042070";"249036, Россия, Калужская область, Обнинск, Королева ул, д. 4";"(495) 945 19 35";"clinicaltrails.mnioi@mail.ru"
"29.04.2014";"Федеральное государственное бюджетное учреждение здравоохранения 'Головной центр гигиены и эпидемиологии Федерального медико-биологического агентства'";"7734052252";"123182, Россия, г. Москва, 1-й Пехотный переулок, д. 6";"(499) 190-48-61, 190-49-71, 190-50-42, факс (499) 196-62-77";"geine_d_v@mail.ru, fmba-gcge@mail.ru"
"28.04.2014";"федеральное государственное бюджетное учреждение 'Санкт-Петербургский научно-исследовательский институт уха, горла, носа и речи' Министерства здравоохранения Российской Федерации";"7809016254";"190013, Россия, г. Санкт-Петербург, ул. Бронницкая, д. 9";"(812) 316-22-56, 316-28-52, 316-79-11, факс 316-79-11";"spbniilor@gmail.com, lornii@mail.ru"
"28.04.2014";"Федеральное государственное автономное учреждение 'Национальный медицинский исследовательский центр здоровья детей' Министерства здравоохранения Российской Федерации";"7736182930";"119991, Россия, г. Москва, Ломоносовский пр-кт, д. 2, Стр.1";"(499)134-30-83";"info@nczd.ru"
"28.04.2014";"федеральное государственное бюджетное учреждение 'Национальный медицинский исследовательский центр акушерства, гинекологии и перинатологии имени академика В.И. Кулакова' Министерства здравоохранения Российской Федерации";"7728094832";"117997, Россия, г. Москва, ул. Академика Опарина, д. 4";"(495) 438 85 07";"secretariat@oparina4.ru"
"23.04.2014";"Федеральное государственное бюджетное учреждение «Российский научный центр «Восстановительная травматология и ортопедия» имени академика Г.А. Илизарова» Министерства здравоохранения Российской Федерации";"4501022210";"640014, Россия, Курганская область, г. Курган, ул. М.Ульяновой, 6";"(3522) 45-47-17, 43-06-94, 45-40-60, 45-45-05, факс (3522) 45-40-60";"office@ilizarov.ru"
"23.04.2014";"федеральное государственное бюджетное учреждение 'Национальный медицинский исследовательский центр имени В.А. Алмазова' Министерства здравоохранения Российской Федерации";"7802030429";"197341, Россия, г. Санкт-Петербург, Аккуратова ул, д. 2";"(812) 702-37-00, факс (812) 703-37-01";"cr@almazovcentre.ru"
"14.04.2014";"Общество с ограниченной ответственностью 'Нейроортопедический центр 'ОртоС'";"5445010757";"633011, Россия, Новосибирская область, Бердск, Мосркая, 3";"(38341) 2-42-13";"ortos@ortos.ru"
"09.04.2014";"Федеральное государственное бюджетное учреждение 'Северо-Западный окружной научно-клинический центр имени Л.Г. Соколова Федерального медико-биологического агентства'";"7802048200";"194291, Россия, Выборгский район, г. Санкт-Петербург, Культуры пр-кт, д. 4";"(812) 558-05-08, факс (812) 559-98-93";"infomtd@med122/com"
"09.04.2014";"Государственное бюджетное образовательное учреждение высшего профессионального образования 'Московский государственный медико-стоматологический университет имени А.И. Евдокимова' Министерства здравоохранения Российской Федерации";"7707082145";"127473, Россия, г. Москва, ул. Делегатская, д. 20, стр. 1";"(495) 694-14-51, (495) 609-67-00";"clinisp@mail.ru"
"09.04.2014";"Федеральное государственное бюджетное учреждение 'Национальный медицинский исследовательский центр терапии и профилактической медицины' Министерства здравоохранения Российской Федерации";"7709024283";"101990, Россия, г. Москва, Петроверигский переулок, д. 10, стр. 3";"(499) 621-01-22";"gnicpm@gnicpm.ru"
"09.04.2014";"федеральное государственное бюджетное учреждение 'Национальный медицинский исследовательский центр имени академика Е.Н. Мешалкина' Министерства здравоохранения Российской Федерации";"5408106348";"630055, Россия, Новосибирская область, г. Новосибирск, Речкуновская ул, д. 15";"(383)3476058";"mail@meshalkin.ru"
"08.04.2014";"Федеральное государственное бюджетное образовательное учреждение высшего образования 'Сибирский государственный медицинский университет' Министерства здравоохранения Российской Федерации";"7018013613";"634050, Россия, Томская область, г. Томск, Московский тракт, д. 2";"8 (3822) 530423";"rector@ssmu.ru"
"07.04.2014";"Государственное бюджетное учреждение здравоохранения города Москвы 'Вороновская больница Департамента здравоохранения города Москвы'";"5074001047";"142160, Россия, г. Москва, поселение Вороновское, поселок ЛМС";"(8-495) 850-71-75, 850-72-93";"info@voronovskaya.mosgorzdrav.ru"
"07.04.2014";"федеральное государственное бюджетное образовательное учреждение высшего образования «Саратовский государственный медицинский университет имени В.И. Разумовского» Министерства здравоохранения Российской Федерации";"6452006471";"410012, Россия, Саратовская область, г. Саратов, ул. Большая Казачья, дом 112";"(8452) 66-97-00, 51-15-32, 66-98-72, факс (8452) 51-15-34";"meduniv@sgmu.ru"
"07.04.2014";"Федеральное государственное бюджетное учреждение 'Государственный научный центр дерматовенерологии и косметологии' Министерства здравоохранения Российской Федерации (ФГБУ 'ГНЦДК' Минздрава России)";"7718710585";"107076, Россия, , г. Москва, ул. Короленко, д. 3, строение 6";"(499) 785-20-15, 785-20-16";"info@cnikvi.ru"
"07.04.2014";"Федеральное государственное автономное образовательное учреждение высшего образования Первый Московский государственный медицинский университет имени И.М. Сеченова Министерства здравоохранения Российской Федерации (Сеченовский университет)";"7704047505";"119991, Россия, г. Москва, Трубецкая ул, д. 8, Стр.2";"(495) 622-97-06";"ermolaeva.ii@1msmu.ru"
"26.03.2014";"Федеральное государственное бюджетное учреждение 'Поликлиника № 1' Управления делами Президента Российской Федерации";"7704091039";"119002, Россия, г. Москва, переулок Сивцев Вражек, д. 26/28";"(499) 241-12-62";"s.nitchenko@vipmed.ru"
"26.03.2014";"Федеральное государственное бюджетное учреждение здравоохранения 'Клинический центр стоматологии Федерального медико-биологического агентства'";"7734115784";"123098, Россия, г. Москва, ул. Гамалеи, д. 15, корп. 1";"(499) 196-48-75";"olesova@bk.ru"
"26.03.2014";"Государственное бюджетное учреждение здравоохранения города Москвы 'Городская клиническая больница имени В.М. Буянова Департамента здравоохранения города Москвы'";"7724598966";"115516, Россия, г. Москва, ул. Бакинская, д. 26";"(495) 322-17-10";"gkb12@zdrav.mos.ru"
"26.03.2014";"Федеральное государственное бюджетное учреждение 'Федеральный научно-клинический центр специализированных видов медицинской помощи и медицинских технологий Федерального медико-биологического агентства'";"7724044189";"115682, Россия, г. Москва, Ореховый бульвар, д. 28";"(495) 395-61-97, 395-64-30, 926-216-83-75";"omo.kb83@mail.ru"
"20.03.2014";"Федеральное государственное бюджетное учреждение 'Российский научный центр рентгенорадиологии' Министерства здравоохранения Российской Федерации";"7728065856";"117997, Россия, г. Москва, ул. Профсоюзная, д. 86";"(499) 120-65-10 (тел. канцелярии), (495) 334-79-24 (факс канцелярии), (499) 128-07-62 (отв. лицо за клинические испытания)";"Mailbox@rncrr.rssi.ru, VVRomanov@rncrr.ru"
"20.03.2014";"Федеральное казенное учреждение здравоохранения «Ставропольский научно-исследовательский противочумный институт» Федеральной службы по надзору в сфере защиты прав потребителей и благополучия человека";"2636000641";"355035, Россия, Ставропольский край, г. Ставрополь, ул. Советская, д. 13-15";"(8652) 26-40-05";"larisavl@mail.ru"
"20.03.2014";"Федеральное бюджетное учреждение науки «Государственный научный центр вирусологии и биотехнологии «Вектор» Федеральной службы по надзору в сфере защиты прав потребителей и благополучия человека";"5433161342";"630559, Россия, Новосибирская область, р. п. Кольцово, ";"(383) 336-60-10, факс (383) 336-74-09";"vector@vector.nsc.ru"
"20.03.2014";"Федеральное государственное бюджетное учреждение здравоохранения Санкт-Петербургская клиническая больница Российской академии наук";"7802067651";"194017, Российская Федерация, г. Санкт-Петербург, пр. Тореза, д.72, лит. А";"(812) 553-34-60";"hospital@spbkbran.ru"
"17.03.2014";"Федеральное государственное бюджетное образовательное учреждение высшего образования 'Северо-западный государственный медицинский университет имени и.и. Мечникова' Министерства здравоохранения Российской Федерации";"7842461679";"191015, Россия, г. Санкт-Петербург, г. Санкт Петербург, Кирочная ул, д. 41";"(812) 303-50-00, 303-50-35";"rectorat@szgmu.ru"
"17.03.2014";"федеральное государственное бюджетное учреждение 'Национальный медицинский исследовательский центр трансплантологии и искусственных органов имени академика В.И. Шумакова' Министерства здравоохранения Российской Федерации";"7734012806";"123182, Россия, г. Москва, ул. Щукинская, д. 1";"(8-499) 190-58-01, факс (499)190-65-79";"clinic-fnc@list.ru"
"12.03.2014";"Федеральное государственное бюджетное учреждение здравоохранения Центральная клиническая больница Российской академии наук";"7736144815";"119333, Россия, г. Москва, ул. Фотиевой, д. 12, корп. 3";"8-495-427-05-59";"Alehin.ckb@mail.ru"
"12.03.2014";"Федеральное казеное учреждение здравоохранения 'Российский научно-исследовательский противочумный институт 'Микроб' Федеральной службы по надзору в сфере защиты прав потребителей и благополучия человека (ФКУЗ РосНИПЧИ 'Микроб' Роспотребнадзора)";"6452024470";"410005, Россия, Саратовская область, г. Саратов, ул. Университетская, д. 46";"(845-2) 26-21-31";"rusrapi@microbe.ru"
